{
  "timestamp": "2026-03-25T16:46:47.505975",
  "results": {
    "performance_drift": {
      "task_type": "classification",
      "classification_subtype": "binary",
      "reference": {
        "auc": 0.4684524723587224,
        "ks": 0.06242321867321865,
        "accuracy": 0.494,
        "precision": 0.2874493927125506,
        "recall": 0.4797297297297297,
        "f1": 0.3594936708860759
      },
      "current": {
        "auc": 0.49665778760617185,
        "ks": 0.05820810507446683,
        "accuracy": 0.496,
        "precision": 0.3882113821138211,
        "recall": 0.4847715736040609,
        "f1": 0.43115124153498874
      },
      "delta": {
        "auc": 0.02820531524744946,
        "f1": 0.07165757064891282,
        "ks": -0.0042151135987518185,
        "precision": 0.10076198940127051,
        "recall": 0.005041843874331209,
        "accuracy": 0.0020000000000000018
      }
    },
    "data_drift": {
      "numeric_features": {
        "label": {
          "psi": 0.0,
          "kl": 0.0,
          "ks": {
            "statistic": 0.098,
            "pvalue": 0.00013349301651925088,
            "n_ref": 1000,
            "n_cur": 1000
          },
          "js": 0.0,
          "wd": 0.09799999999999998
        },
        "feature_1": {
          "psi": 0.11375462813526449,
          "kl": 0.05548429707269522,
          "ks": {
            "statistic": 0.145,
            "pvalue": 1.3878173223697225e-09,
            "n_ref": 1000,
            "n_cur": 1000
          },
          "js": 0.014104473632028044,
          "wd": 0.28907465356644757
        },
        "feature_2": {
          "psi": 1.6358748683630095,
          "kl": 2.44667454028358,
          "ks": {
            "statistic": 0.181,
            "pvalue": 1.003727957465678e-14,
            "n_ref": 1000,
            "n_cur": 1000
          },
          "js": 0.03828160819301006,
          "wd": 1.3551598661929025
        },
        "prediction": {
          "psi": 1.8793940141138583,
          "kl": 2.601509751910871,
          "ks": {
            "statistic": 0.108,
            "pvalue": 1.690722046468961e-05,
            "n_ref": 1000,
            "n_cur": 1000
          },
          "js": 0.0635278096812187,
          "wd": 0.05817914348098331
        }
      },
      "categorical_features": {
        "feature_3": {
          "psi": 0.04653615774243388,
          "kl": 0.022894537994387735,
          "js": 0.00580146780506785,
          "wd": 0.09900000000000003
        }
      },
      "incompatible_features": []
    },
    "prediction_drift": {
      "prediction_type": "continuous",
      "summary_statistics": {
        "mean": {
          "reference": 0.49323696584514165,
          "current": 0.4951352588898806,
          "delta": 0.0018982930447389301
        },
        "std": {
          "reference": 0.2855446133017583,
          "current": 0.22277655599174345,
          "delta": -0.06276805731001484
        },
        "min": {
          "reference": 3.071884538241587e-05,
          "current": 0.10004226154583745
        },
        "max": {
          "reference": 0.9995577032504386,
          "current": 0.8988938553315078
        },
        "q25": {
          "reference": 0.24842120603316906,
          "current": 0.3119942024470428
        },
        "q50": {
          "reference": 0.48950849972841676,
          "current": 0.49661459309072586
        },
        "q75": {
          "reference": 0.7345057192178873,
          "current": 0.6790328883178516
        }
      },
      "distribution_shift": {
        "l1_distance": 8.083823774712217,
        "l2_distance": 2.349728072116336,
        "psi": 2.4593810332655117,
        "ks": {
          "statistic": 0.108,
          "pvalue": 1.690722046468961e-05
        },
        "kl": 3.6231183929315627,
        "js": 0.06929955663834392
      },
      "decile_shift": {
        "quantiles": [
          0.0,
          0.1,
          0.2,
          0.30000000000000004,
          0.4,
          0.5,
          0.6000000000000001,
          0.7000000000000001,
          0.8,
          0.9,
          1.0
        ],
        "ref_values": [
          3.071884538241587e-05,
          0.09435466052013451,
          0.2021090200208905,
          0.2962076701608449,
          0.3920203713203072,
          0.48950849972841676,
          0.5944840481859222,
          0.6774661340249115,
          0.7942397605551322,
          0.8882191624346333,
          0.9995577032504386
        ],
        "cur_values": [
          0.10004226154583745,
          0.1835344755105152,
          0.2714355357762839,
          0.35005393980566835,
          0.42296484117917993,
          0.49661459309072586,
          0.5613015927364574,
          0.6476678472107567,
          0.7213397996124934,
          0.8072523981435225,
          0.8988938553315078
        ],
        "delta": [
          0.10001154270045504,
          0.08917981499038068,
          0.06932651575539336,
          0.05384626964482342,
          0.030944469858872725,
          0.007106093362309107,
          -0.03318245544946474,
          -0.029798286814154862,
          -0.07289996094263884,
          -0.08096676429111083,
          -0.1006638479189308
        ]
      }
    }
  }
}